<?xml version="1.0" encoding="UTF-8"?>
<eml:eml packageId="knb-lter-sbc.119.10"
  system="https://pasta.edirepository.org"
  xmlns:eml="https://eml.ecoinformatics.org/eml-2.2.0"
  xmlns:stmml="http://www.xml-cml.org/schema/stmml-1.2"
  xmlns:xsi="http://www.w3.org/2001/XMLSchema-instance"
    xsi:schemaLocation="https://eml.ecoinformatics.org/eml-2.2.0 https://nis.lternet.edu/schemas/EML/eml-2.2.0/xsd/eml.xsd">
  <access
    authSystem="https://pasta.edirepository.org/authentication"
    order="allowFirst" scope="document"
    system="https://pasta.edirepository.org">
    <allow>
      <principal>uid=SBC,o=EDI,dc=ecoinformatics,dc=org</principal>
      <permission>all</permission>
    </allow>
    <allow>
      <principal>uid=lkui,o=EDI,dc=ecoinformatics,dc=org</principal>
      <permission>all</permission>
    </allow>
    <allow>
      <principal>public</principal>
      <permission>read</permission>
    </allow>
  </access>
  <dataset
      id="ds119">
    <alternateIdentifier
        system="https://doi.org">doi:10.6073/pasta/84e2768790791a94eb73f66320cd09b1</alternateIdentifier><shortName>LTE KR - Biomass of algae, invertebrates and fish</shortName>
    <title>SBC LTER: Reef: Long-term experiment: biomass of kelp forest species, ongoing since 2008</title>
    <creator>
      <individualName>
        <givenName>Daniel C</givenName>
        <surName>Reed</surName>
      </individualName>
      <address>
        <deliveryPoint>Marine Science Institute University of California</deliveryPoint>
        <city>Santa Barbara</city>
        <administrativeArea>CA</administrativeArea>
        <postalCode>93106-6150</postalCode>
        <country>US</country>
      </address>
      <phone>805-893-8363</phone>
      <electronicMailAddress>danreed@ucsb.edu</electronicMailAddress>
      <userId
        directory="https://orcid.org/">https://orcid.org/0000-0003-3015-8717</userId>
    </creator>
    <creator>
      <individualName>
        <givenName>Robert J</givenName>
        <surName>Miller</surName>
      </individualName>
      <address>
        <deliveryPoint>Marine Science Institute University of California</deliveryPoint>
        <city>Santa Barbara</city>
        <administrativeArea>CA</administrativeArea>
        <postalCode>93106-6150</postalCode>
        <country>US</country>
      </address>
      <phone>805-893-6174</phone>
      <electronicMailAddress>rjmiller@ucsb.edu</electronicMailAddress>
      <userId
        directory="https://orcid.org/">https://orcid.org/0000-0002-8350-3759</userId>
    </creator>
    <associatedParty>
      <organizationName>Santa Barbara Coastal LTER</organizationName>
      <address>
        <deliveryPoint>Marine Science Institute University of California</deliveryPoint>
        <city>Santa Barbara</city>
        <administrativeArea>CA</administrativeArea>
        <postalCode>93106</postalCode>
        <country>USA</country>
      </address>
      <electronicMailAddress>sbclter@msi.ucsb.edu</electronicMailAddress>
      <role>publisher, curator</role>
    </associatedParty>
    <pubDate>2023-09-05</pubDate>
    <language>English</language>
    <abstract>
      <section>
        <para>
      These data represent values of biomass density for more than 200
      species of macroalgae, invertebrates and fish measured in fixed
      plots at five reefs as part of a long-term experiment designed to
      evaluate the effects of disturbance to giant kelp on the structure
      and productivity of the benthic community. Taxon-specific
      relationships between size and mass were applied to field
      measurements of species abundance to estimate biomass density of
      each species. The five reefs (Arroyo Quemado 34°28.048’N,
      120°07.031’W; Carpinteria 34°23.474’N, 119°32.510’W; Isla Vista
      34°23.275’N, 119°32.792’W; Mohawk 34°23.649’N, 119°43.762’W; and
      Naples 34° 25.342’N, 119° 57.102’W) ranged in depth from 5.8 m to
      8.9 m (MLLW) and were chosen to represent a range of physical and
      biological characteristics known to influence subtidal macroalgal
      assemblages in the region. A common (but not always persistent)
      feature on these reefs was the presence of the giant kelp, which
      forms a dense canopy at the sea surface that suppresses
      recruitment and growth of understory algae below it.
    </para>
        <para>
      See Methods for more information.  
    </para>
      </section>
    </abstract>
    <keywordSet>
      <keyword
        keywordType="theme">Disturbance Patterns</keyword>
      <keyword
        keywordType="theme">populations</keyword>
      <keywordThesaurus>LTER Core Research Areas</keywordThesaurus>
    </keywordSet>
    <keywordSet>
      <keyword
        keywordType="theme">abundance</keyword>
      <keyword
        keywordType="theme">aquatic invertebrates</keyword>
      <keyword
        keywordType="theme">biomass</keyword>
      <keyword
        keywordType="theme">gastropods</keyword>
      <keyword
        keywordType="theme">invertebrates</keyword>
      <keyword
        keywordType="theme">long term</keyword>
      <keyword
        keywordType="theme">long term ecological research</keyword>
      <keyword
        keywordType="theme">LTER</keyword>
      <keyword
        keywordType="theme">macroinvertebrates</keyword>
      <keyword
        keywordType="theme">marine</keyword>
      <keyword
        keywordType="theme">measurements</keyword>
      <keyword
        keywordType="theme">mollusks</keyword>
      <keyword
        keywordType="theme">organism</keyword>
      <keyword
        keywordType="theme">populations</keyword>
      <keyword
        keywordType="theme">Santa Barbara Coastal</keyword>
      <keyword
        keywordType="theme">species</keyword>
      <keyword
        keywordType="theme">transects</keyword>
      <keywordThesaurus>LTER Controlled Vocabulary v1</keywordThesaurus>
    </keywordSet>
    <keywordSet>
      <keyword
        keywordType="theme">Community Structure</keyword>
      <keyword
        keywordType="theme">Kelp Forest</keyword>
      <keyword
        keywordType="theme">populations</keyword>
      <keyword
        keywordType="theme">Reef</keyword>
      <keywordThesaurus>SBC-LTER Controlled Vocabulary</keywordThesaurus>
    </keywordSet>
    <keywordSet>
      <keyword
        keywordType="place">Arroyo Quemado Reef</keyword>
      <keyword
        keywordType="place">Carpinteria Reef</keyword>
      <keyword
        keywordType="place">Mohawk Reef</keyword>
      <keyword
        keywordType="place">Naples Reef</keyword>
      <keywordThesaurus>Santa Barbara Coastal LTER Places</keywordThesaurus>
    </keywordSet>
    <keywordSet>
      <keyword
        keywordType="theme">Cover</keyword>
      <keyword
        keywordType="theme">Estimation</keyword>
      <keyword
        keywordType="theme">Live Weight</keyword>
      <keyword
        keywordType="theme">Reefs</keyword>
      <keyword
        keywordType="theme">Species</keyword>
      <keywordThesaurus>NBII Biocomplexity</keywordThesaurus>
    </keywordSet>
    <keywordSet>
      <keyword
        keywordType="theme">biomass</keyword>
      <keyword
        keywordType="theme">core</keyword>
      <keyword
        keywordType="taxonomic">crustaceans</keyword>
      <keyword
        keywordType="theme">LTER</keyword>
      <keyword
          keywordType="theme">ongoing</keyword>
      <keywordThesaurus>none</keywordThesaurus>
    </keywordSet>
    <intellectualRights>
      <para>
    This data package is released under the Creative Commons License
    Attribution 4.0 International (CC BY 4.0, see
    https://creativecommons.org/licenses/by/4.0/). This license states
    that consumers ("Data Users" herein) may distribute,
    adapt, reuse, remix, and build upon this work, as long as they give
    appropriate credit, provide a link to the license, and indicate if
    changes were made. If redistributed, a Data User may not apply
    additional restrictions or technological measures that prevent
    access.
  </para>
      <para>
    The Data User has an ethical obligation to cite the data source
    appropriately in any publication or product that results from its
    use, and notify the data contact or creator. Communication,
    collaboration, or co-authorship (as appropriate) with the creators
    of this data package is encouraged to prevent duplicate research or
    publication. The Data User is urged to contact the authors of these
    data if any questions about methodology or results occur. The Data
    User should realize that these data may be actively used by others
    for ongoing research and that coordination may be necessary to
    prevent duplication or inappropriate use. The Data User should
    realize that misinterpretation may occur if data are used outside of
    the context of the original study. The Data User should be aware
    that data are updated periodically and it is the responsibility of
    the Data User to check for new versions of the data.
  </para>
      <para>
    While substantial efforts are made to ensure the accuracy of data
    and associated documentation, complete accuracy of data sets cannot
    be guaranteed. This data package (with its components) is made
    available “as is” and with no warranty of accuracy or fitness for
    use. The creators of this data package and the repository where
    these data were obtained shall not be liable for any damages
    resulting from misinterpretation, use or misuse of the data package
    or its components.
  </para>
    </intellectualRights>
    <distribution>
      <online>
        <url
      function="information">https://sbclter.msi.ucsb.edu/</url>
      </online>
    </distribution>
    <distribution
      id="10.6073/pasta/84e2768790791a94eb73f66320cd09b1" scope="system"
          system="https://pasta.edirepository.org"><online><url
        function="information">https://doi.org/10.6073/pasta/84e2768790791a94eb73f66320cd09b1</url></online></distribution><coverage>
      <geographicCoverage>
        <geographicDescription>AQUE: Arroyo Quemado Reef: Arroyo Quemado Reef depth range from 5.4 m to 10.7 m. Reference on Land is close to US101/Arroyo Quemada Ln.</geographicDescription>
        <boundingCoordinates>
          <westBoundingCoordinate>-120.11905</westBoundingCoordinate>
          <eastBoundingCoordinate>-120.11905</eastBoundingCoordinate>
          <northBoundingCoordinate>34.46774988</northBoundingCoordinate>
          <southBoundingCoordinate>34.46774988</southBoundingCoordinate>
        </boundingCoordinates>
      </geographicCoverage>
      <geographicCoverage>
        <geographicDescription>CARP: Carpinteria Reef is located on the Santa Barbara Channel offshore of the Carpinteria Salt Marsh. Depth range is from -2.2 to -8.8 meters</geographicDescription>
        <boundingCoordinates>
          <westBoundingCoordinate>-119.5416933</westBoundingCoordinate>
          <eastBoundingCoordinate>-119.5416933</eastBoundingCoordinate>
          <northBoundingCoordinate>34.3916319</northBoundingCoordinate>
          <southBoundingCoordinate>34.3916319</southBoundingCoordinate>
        </boundingCoordinates>
      </geographicCoverage>
      <geographicCoverage>
        <geographicDescription>MOHK: Mohawk Reef: Mohawk Reef depth ranges from 4.5m to 6.0 m. Reference on land is Mohawk Rd / Edgewater Way.</geographicDescription>
        <boundingCoordinates>
          <westBoundingCoordinate>-119.72957</westBoundingCoordinate>
          <eastBoundingCoordinate>-119.72957</eastBoundingCoordinate>
          <northBoundingCoordinate>34.3940708</northBoundingCoordinate>
          <southBoundingCoordinate>34.3940708</southBoundingCoordinate>
        </boundingCoordinates>
      </geographicCoverage>
      <geographicCoverage>
        <geographicDescription>NAPL: Naples Reef is located on the Santa Barbara Channel near the community of Naples and Dos Pueblos Canyon, Santa Barbara County, CA. Depth ranges from -5.9 to -13.4 meters.</geographicDescription>
        <boundingCoordinates>
          <westBoundingCoordinate>-119.95154</westBoundingCoordinate>
          <eastBoundingCoordinate>-119.95154</eastBoundingCoordinate>
          <northBoundingCoordinate>34.4221216</northBoundingCoordinate>
          <southBoundingCoordinate>34.4221216</southBoundingCoordinate>
        </boundingCoordinates>
      </geographicCoverage>
      <geographicCoverage>
        <geographicDescription>IVEE: Isla Vista (IV) Reef is located on the Santa Barbara Channel near the University of California Santa Barbara, CA. Depth range is from -8.2 to -8.8 meters.</geographicDescription>
        <boundingCoordinates>
          <westBoundingCoordinate>-119.85755</westBoundingCoordinate>
          <eastBoundingCoordinate>-119.85755</eastBoundingCoordinate>
          <northBoundingCoordinate>34.402783</northBoundingCoordinate>
          <southBoundingCoordinate>34.402783</southBoundingCoordinate>
        </boundingCoordinates>
      </geographicCoverage>
      <temporalCoverage>
        <rangeOfDates>
          <beginDate>
            <calendarDate>2008-01-01</calendarDate>
          </beginDate>
          <endDate>
            <calendarDate>2023-05-23</calendarDate>
          </endDate>
        </rangeOfDates>
      </temporalCoverage>
    </coverage>
    <annotation>
      <propertyURI
        label="is about">http://purl.obolibrary.org/obo/IAO_000136</propertyURI>
      <valueURI
        label="marine subtidal rocky reef biome">http://purl.obolibrary.org/obo/ENVO_01000050</valueURI>
    </annotation>
    <annotation>
      <propertyURI
        label="is about">http://purl.obolibrary.org/obo/IAO_000136</propertyURI>
      <valueURI
        label="kelp forest">http://purl.obolibrary.org/obo/ENVO_01000058</valueURI>
    </annotation>
    <annotation>
      <propertyURI
        label="is about">http://purl.obolibrary.org/obo/IAO_000136</propertyURI>
      <valueURI
        label="organic material">http://purl.obolibrary.org/obo/ENVO_01000155</valueURI>
    </annotation>
    <contact>
      <organizationName>Santa Barbara Coastal LTER</organizationName>
      <address>
        <deliveryPoint>Marine Science Institute</deliveryPoint>
        <deliveryPoint>University of California</deliveryPoint>
        <city>Santa Barbara</city>
        <administrativeArea>California</administrativeArea>
        <postalCode>93106-6150</postalCode>
        <country>United States</country>
      </address>
      <electronicMailAddress>sbclter@msi.ucsb.edu</electronicMailAddress>
      <onlineUrl>https://sbclter.msi.ucsb.edu/</onlineUrl>
      <userId
        directory=" https://ror.org">https://ror.org/05hnkta08</userId>
    </contact>
    
    <publisher><organizationName>Environmental Data Initiative</organizationName><electronicMailAddress>info@edirepository.org</electronicMailAddress><onlineUrl>https://edirepository.org</onlineUrl><userId
                directory="https://ror.org">0330j0z60</userId></publisher><pubPlace>Environmental Data Initiative</pubPlace><methods>
      <methodStep>
        <description>
          <section>
            <para>
      Field measurements of percent cover or size specific density were
      converted to biomass for each species of algae, invertebrate, and
      fish recorded using taxon specific relationships
      “https://portal.edirepository.org/nis/mapbrowse?scope=knb-lter-sbc&amp;identifier=127”.
      Percent cover or size specific density of rare species was
      converted to biomass using relationships derived for
      morphologically similar taxa. Please see the protocol below for
      details of how biomass was calculated.
    </para>
          </section>
        </description>
        <protocol>
          <title>SBC LTER Long Term Experiment Protocol - all species biomass calculation</title>
          <creator>
            <individualName>
              <surName>Reed</surName>
            </individualName>
          </creator>
          <distribution>
            <online>
              <url
              function="download">https://sbclter.msi.ucsb.edu/external/Reef/Protocols/Long_Term_Kelp_Removal/Long_Term_Experiment_Protocol_Biomass_invert_algae_fish_calculation.pdf</url>
            </online>
          </distribution>
        </protocol>
      </methodStep>
      <methodStep>
        <description>This method step describes provenance-based metadata as specified in the LTER EML Best Practices.
                                   This provenance metadata does not contain entity specific information.</description>
        <dataSource>
          <title>SBC LTER: Reef: Long-term experiment: Kelp removal: Invertebrate and algal density</title>
          <creator>
            <individualName>
              <givenName>Daniel C</givenName>
              <surName>Reed</surName>
            </individualName>
            <address>
              <deliveryPoint>Marine Science Institute University of California</deliveryPoint>
              <city>Santa Barbara</city>
              <administrativeArea>CA</administrativeArea>
              <postalCode>93106-6150</postalCode>
              <country>US</country>
            </address>
            <phone>805-893-8363</phone>
            <electronicMailAddress>danreed@ucsb.edu</electronicMailAddress>
            <userId
              directory="https://orcid.org/">https://orcid.org/0000-0003-3015-8717</userId>
          </creator>
          <creator>
            <individualName>
              <givenName>Robert J</givenName>
              <surName>Miller</surName>
            </individualName>
            <address>
              <deliveryPoint>Marine Science Institute University of California</deliveryPoint>
              <city>Santa Barbara</city>
              <administrativeArea>CA</administrativeArea>
              <postalCode>93106-6150</postalCode>
              <country>US</country>
            </address>
            <phone>805-893-6174</phone>
            <electronicMailAddress>rjmiller@ucsb.edu</electronicMailAddress>
            <userId
                directory="https://orcid.org/">https://orcid.org/0000-0002-8350-3759</userId>
          </creator>
          <distribution>
            <online>
              <onlineDescription>This online link references an EML document that describes data used in the creation of this derivative data package.</onlineDescription>
              <url
              function="information">https://pasta.lternet.edu/package/metadata/eml/knb-lter-sbc/34/21</url>
            </online>
          </distribution>
          <contact>
            <organizationName>Santa Barbara Coastal LTER</organizationName>
            <address>
              <deliveryPoint>Marine Science Institute</deliveryPoint>
              <deliveryPoint>University of California</deliveryPoint>
              <city>Santa Barbara</city>
              <administrativeArea>California</administrativeArea>
              <postalCode>93106-6150</postalCode>
              <country>United States</country>
            </address>
            <electronicMailAddress>sbclter@msi.ucsb.edu</electronicMailAddress>
            <onlineUrl>https://sbclter.msi.ucsb.edu/</onlineUrl>
            <userId
              directory=" https://ror.org">https://ror.org/05hnkta08</userId>
          </contact>
        </dataSource>
        <dataSource>
          <title>SBC LTER: Reef: Long-term experiment: Kelp removal: Cover of sessile organisms, Uniform Point Contact</title>
          <creator>
            <individualName>
              <givenName>Daniel C</givenName>
              <surName>Reed</surName>
            </individualName>
            <address>
              <deliveryPoint>Marine Science Institute University of California</deliveryPoint>
              <city>Santa Barbara</city>
              <administrativeArea>CA</administrativeArea>
              <postalCode>93106-6150</postalCode>
              <country>US</country>
            </address>
            <phone>805-893-8363</phone>
            <electronicMailAddress>danreed@ucsb.edu</electronicMailAddress>
            <userId
              directory="https://orcid.org/">https://orcid.org/0000-0003-3015-8717</userId>
          </creator>
          <creator>
            <individualName>
              <givenName>Robert J</givenName>
              <surName>Miller</surName>
            </individualName>
            <address>
              <deliveryPoint>Marine Science Institute University of California</deliveryPoint>
              <city>Santa Barbara</city>
              <administrativeArea>CA</administrativeArea>
              <postalCode>93106-6150</postalCode>
              <country>US</country>
            </address>
            <phone>805-893-6174</phone>
            <electronicMailAddress>rjmiller@ucsb.edu</electronicMailAddress>
            <userId
                directory="https://orcid.org/">https://orcid.org/0000-0002-8350-3759</userId>
          </creator>
          <distribution>
            <online>
              <onlineDescription>This online link references an EML document that describes data used in the creation of this derivative data package.</onlineDescription>
              <url
              function="information">https://pasta.lternet.edu/package/metadata/eml/knb-lter-sbc/28/32</url>
            </online>
          </distribution>
          <contact>
            <organizationName>Santa Barbara Coastal LTER</organizationName>
            <address>
              <deliveryPoint>Marine Science Institute</deliveryPoint>
              <deliveryPoint>University of California</deliveryPoint>
              <city>Santa Barbara</city>
              <administrativeArea>California</administrativeArea>
              <postalCode>93106-6150</postalCode>
              <country>United States</country>
            </address>
            <electronicMailAddress>sbclter@msi.ucsb.edu</electronicMailAddress>
            <onlineUrl>https://sbclter.msi.ucsb.edu/</onlineUrl>
            <userId
              directory=" https://ror.org">https://ror.org/05hnkta08</userId>
          </contact>
        </dataSource>
        <dataSource>
          <title>SBC LTER: Reef: Long-term experiment: Kelp removal: Fish abundance</title>
          <creator>
            <individualName>
              <givenName>Daniel C</givenName>
              <surName>Reed</surName>
            </individualName>
            <address>
              <deliveryPoint>Marine Science Institute University of California</deliveryPoint>
              <city>Santa Barbara</city>
              <administrativeArea>CA</administrativeArea>
              <postalCode>93106-6150</postalCode>
              <country>US</country>
            </address>
            <phone>805-893-8363</phone>
            <electronicMailAddress>danreed@ucsb.edu</electronicMailAddress>
            <userId
              directory="https://orcid.org/">https://orcid.org/0000-0003-3015-8717</userId>
          </creator>
          <creator>
            <individualName>
              <givenName>Robert J</givenName>
              <surName>Miller</surName>
            </individualName>
            <address>
              <deliveryPoint>Marine Science Institute University of California</deliveryPoint>
              <city>Santa Barbara</city>
              <administrativeArea>CA</administrativeArea>
              <postalCode>93106-6150</postalCode>
              <country>US</country>
            </address>
            <phone>805-893-6174</phone>
            <electronicMailAddress>rjmiller@ucsb.edu</electronicMailAddress>
            <userId
                directory="https://orcid.org/">https://orcid.org/0000-0002-8350-3759</userId>
          </creator>
          <distribution>
            <online>
              <onlineDescription>This online link references an EML document that describes data used in the creation of this derivative data package.</onlineDescription>
              <url
              function="information">https://pasta.lternet.edu/package/metadata/eml/knb-lter-sbc/30/23</url>
            </online>
          </distribution>
          <contact>
            <organizationName>Santa Barbara Coastal LTER</organizationName>
            <address>
              <deliveryPoint>Marine Science Institute</deliveryPoint>
              <deliveryPoint>University of California</deliveryPoint>
              <city>Santa Barbara</city>
              <administrativeArea>California</administrativeArea>
              <postalCode>93106-6150</postalCode>
              <country>United States</country>
            </address>
            <electronicMailAddress>sbclter@msi.ucsb.edu</electronicMailAddress>
            <onlineUrl>https://sbclter.msi.ucsb.edu/</onlineUrl>
            <userId
              directory=" https://ror.org">https://ror.org/05hnkta08</userId>
          </contact>
        </dataSource>
        <dataSource>
          <title>SBC LTER: Reef: Long-term experiment: Kelp removal: Abundance and size of Giant Kelp</title>
          <creator>
            <individualName>
              <givenName>Daniel C</givenName>
              <surName>Reed</surName>
            </individualName>
            <address>
              <deliveryPoint>Marine Science Institute University of California</deliveryPoint>
              <city>Santa Barbara</city>
              <administrativeArea>CA</administrativeArea>
              <postalCode>93106-6150</postalCode>
              <country>US</country>
            </address>
            <phone>805-893-8363</phone>
            <electronicMailAddress>danreed@ucsb.edu</electronicMailAddress>
            <userId
              directory="https://orcid.org/">https://orcid.org/0000-0003-3015-8717</userId>
          </creator>
          <creator>
            <individualName>
              <givenName>Robert J</givenName>
              <surName>Miller</surName>
            </individualName>
            <address>
              <deliveryPoint>Marine Science Institute University of California</deliveryPoint>
              <city>Santa Barbara</city>
              <administrativeArea>CA</administrativeArea>
              <postalCode>93106-6150</postalCode>
              <country>US</country>
            </address>
            <phone>805-893-6174</phone>
            <electronicMailAddress>rjmiller@ucsb.edu</electronicMailAddress>
            <userId
                directory="https://orcid.org/">https://orcid.org/0000-0002-8350-3759</userId>
          </creator>
          <distribution>
            <online>
              <onlineDescription>This online link references an EML document that describes data used in the creation of this derivative data package.</onlineDescription>
              <url
              function="information">https://pasta.lternet.edu/package/metadata/eml/knb-lter-sbc/29/23</url>
            </online>
          </distribution>
          <contact>
            <organizationName>Santa Barbara Coastal LTER</organizationName>
            <address>
              <deliveryPoint>Marine Science Institute</deliveryPoint>
              <deliveryPoint>University of California</deliveryPoint>
              <city>Santa Barbara</city>
              <administrativeArea>California</administrativeArea>
              <postalCode>93106-6150</postalCode>
              <country>United States</country>
            </address>
            <electronicMailAddress>sbclter@msi.ucsb.edu</electronicMailAddress>
            <onlineUrl>https://sbclter.msi.ucsb.edu/</onlineUrl>
            <userId
              directory=" https://ror.org">https://ror.org/05hnkta08</userId>
          </contact>
        </dataSource>
        <dataSource>
          <title>SBC LTER: Reef: Long-term experiment: Kelp removal: Urchin size frequency distribution</title>
          <creator>
            <individualName>
              <givenName>Daniel C</givenName>
              <surName>Reed</surName>
            </individualName>
            <address>
              <deliveryPoint>Marine Science Institute University of California</deliveryPoint>
              <city>Santa Barbara</city>
              <administrativeArea>CA</administrativeArea>
              <postalCode>93106-6150</postalCode>
              <country>US</country>
            </address>
            <phone>805-893-8363</phone>
            <electronicMailAddress>danreed@ucsb.edu</electronicMailAddress>
            <userId
              directory="https://orcid.org/">https://orcid.org/0000-0003-3015-8717</userId>
          </creator>
          <creator>
            <individualName>
              <givenName>Robert J</givenName>
              <surName>Miller</surName>
            </individualName>
            <address>
              <deliveryPoint>Marine Science Institute University of California</deliveryPoint>
              <city>Santa Barbara</city>
              <administrativeArea>CA</administrativeArea>
              <postalCode>93106-6150</postalCode>
              <country>US</country>
            </address>
            <phone>805-893-6174</phone>
            <electronicMailAddress>rjmiller@ucsb.edu</electronicMailAddress>
            <userId
                directory="https://orcid.org/">https://orcid.org/0000-0002-8350-3759</userId>
          </creator>
          <distribution>
            <online>
              <onlineDescription>This online link references an EML document that describes data used in the creation of this derivative data package.</onlineDescription>
              <url
              function="information">https://pasta.lternet.edu/package/metadata/eml/knb-lter-sbc/26/24</url>
            </online>
          </distribution>
          <contact>
            <organizationName>Santa Barbara Coastal LTER</organizationName>
            <address>
              <deliveryPoint>Marine Science Institute</deliveryPoint>
              <deliveryPoint>University of California</deliveryPoint>
              <city>Santa Barbara</city>
              <administrativeArea>California</administrativeArea>
              <postalCode>93106-6150</postalCode>
              <country>United States</country>
            </address>
            <electronicMailAddress>sbclter@msi.ucsb.edu</electronicMailAddress>
            <onlineUrl>https://sbclter.msi.ucsb.edu/</onlineUrl>
            <userId
              directory=" https://ror.org">https://ror.org/05hnkta08</userId>
          </contact>
        </dataSource>
        <dataSource>
          <title>SBC LTER: Reef: Coefficients for estimating biomass from body size or percent cover for kelp forest species</title>
          <creator>
            <organizationName>Santa Barbara Coastal LTER</organizationName>
            <address>
              <deliveryPoint>Marine Science Institute University of California</deliveryPoint>
              <city>Santa Barbara</city>
              <administrativeArea>CA</administrativeArea>
              <postalCode>93106</postalCode>
              <country>USA</country>
            </address>
            <electronicMailAddress>sbclter@msi.ucsb.edu</electronicMailAddress>
          </creator>
          <creator>
            <individualName>
              <givenName>Clint J</givenName>
              <surName>Nelson</surName>
            </individualName>
            <address>
              <deliveryPoint>Marine Science Institute University of California</deliveryPoint>
              <city>Santa Barbara</city>
              <administrativeArea>CA</administrativeArea>
              <postalCode>93106-6150</postalCode>
              <country>US</country>
            </address>
            <phone>805-893-7295</phone>
            <electronicMailAddress>clint.nelson@lifesci.ucsb.edu</electronicMailAddress>
          </creator>
          <creator>
            <individualName>
              <givenName>Daniel C</givenName>
              <surName>Reed</surName>
            </individualName>
            <address>
              <deliveryPoint>Marine Science Institute University of California</deliveryPoint>
              <city>Santa Barbara</city>
              <administrativeArea>CA</administrativeArea>
              <postalCode>93106-6150</postalCode>
              <country>US</country>
            </address>
            <phone>805-893-8363</phone>
            <electronicMailAddress>dan.reed@lifesci.ucsb.edu</electronicMailAddress>
            <userId
              directory="https://orcid.org/">https://orcid.org/0000-0003-3015-8717</userId>
          </creator>
          <creator>
            <individualName>
              <givenName>Shannon</givenName>
              <surName>Harrer</surName>
            </individualName>
            <address>
              <deliveryPoint>Marine Science Institute University of California</deliveryPoint>
              <city>Santa Barbara</city>
              <administrativeArea>CA</administrativeArea>
              <postalCode>93106-6150</postalCode>
              <country>US</country>
            </address>
            <phone>805-893-7295</phone>
            <electronicMailAddress>harrer@msi.ucsb.edu</electronicMailAddress>
          </creator>
          <creator>
            <individualName>
              <givenName>Robert J</givenName>
              <surName>Miller</surName>
            </individualName>
            <address>
              <deliveryPoint>Marine Science Institute University of California</deliveryPoint>
              <city>Santa Barbara</city>
              <administrativeArea>CA</administrativeArea>
              <postalCode>93106-6150</postalCode>
              <country>US</country>
            </address>
            <phone>805-893-6174</phone>
            <electronicMailAddress>rjmiller@ucsb.edu</electronicMailAddress>
            <userId
                directory="https://orcid.org/">https://orcid.org/0000-0002-8350-3759</userId>
          </creator>
          <distribution>
            <online>
              <onlineDescription>This online link references an EML document that describes data used in the creation of this derivative data package.</onlineDescription>
              <url
              function="information">https://pasta.lternet.edu/package/metadata/eml/knb-lter-sbc/127/3</url>
            </online>
          </distribution>
          <contact>
            <positionName>Information Manager, Santa Barbara Coastal LTER</positionName>
            <address
              scope="document">
              <deliveryPoint>Marine Science Institute</deliveryPoint>
              <deliveryPoint>University of California</deliveryPoint>
              <city>Santa Barbara</city>
              <administrativeArea>California</administrativeArea>
              <postalCode>93106-6150</postalCode>
              <country>United States</country>
            </address>
            <phone
        phonetype="voice">805 893 2071</phone>
            <electronicMailAddress>sbclter@msi.ucsb.edu</electronicMailAddress>
            <onlineUrl>https://sbclter.msi.ucsb.edu/</onlineUrl>
          </contact>
        </dataSource>
      </methodStep>
    </methods>
    <project>
      <title>Santa Barbara Coastal Long Term Ecological Research Project</title>
      <personnel
          scope="document">
        <individualName>
          <salutation>Dr.</salutation>
          <givenName>Robert</givenName>
          <surName>Miller</surName>
        </individualName>
        <address
        scope="document">
          <deliveryPoint>Marine Science Institute</deliveryPoint>
          <deliveryPoint>University of California</deliveryPoint>
          <city>Santa Barbara</city>
          <administrativeArea>California</administrativeArea>
          <postalCode>93106-6150</postalCode>
          <country>United States</country>
        </address>
        <electronicMailAddress>miller@msi.ucsb.edu</electronicMailAddress>
        <role>Principal Investigator</role>
      </personnel>
      <personnel
          scope="document">
        <individualName>
          <salutation>Dr.</salutation>
          <givenName>Dan</givenName>
          <surName>Reed</surName>
        </individualName>
        <address
        scope="document">
          <deliveryPoint>Marine Science Institute</deliveryPoint>
          <deliveryPoint>University of California</deliveryPoint>
          <city>Santa Barbara</city>
          <administrativeArea>California</administrativeArea>
          <postalCode>93106-6150</postalCode>
          <country>United States</country>
        </address>
        <electronicMailAddress>dan.reed@lifesci.ucsb.edu</electronicMailAddress>
        <role>Co-principal Investigator</role>
      </personnel>
      <personnel
          scope="document">
        <individualName>
          <salutation>Dr.</salutation>
          <givenName>Adrian</givenName>
          <surName>Stier</surName>
        </individualName>
        <address
        scope="document">
          <deliveryPoint>Department of Ecology, Evolution and Marine Biology</deliveryPoint>
          <deliveryPoint>University of California</deliveryPoint>
          <city>Santa Barbara</city>
          <administrativeArea>California</administrativeArea>
          <postalCode>93106-9260</postalCode>
          <country>United States</country>
        </address>
        <electronicMailAddress>adrian.stier@lifesci.ucsb.edu</electronicMailAddress>
        <role>Co-principal Investigator</role>
      </personnel>
      <personnel
          scope="document">
        <individualName>
          <salutation>Dr.</salutation>
          <givenName>Gretchen</givenName>
          <surName>Hoffman</surName>
        </individualName>
        <address
        scope="document">
          <deliveryPoint>Department of Ecology, Evolution and Marine Biology</deliveryPoint>
          <deliveryPoint>University of California</deliveryPoint>
          <city>Santa Barbara</city>
          <administrativeArea>California</administrativeArea>
          <postalCode>93106-9620</postalCode>
          <country>United States</country>
        </address>
        <electronicMailAddress>hofmann@lifesci.ucsb.edu</electronicMailAddress>
        <role>Co-principal Investigator</role>
      </personnel>
      <personnel
          scope="document">
        <individualName>
          <salutation>Dr.</salutation>
          <givenName>David</givenName>
          <surName>Siegel</surName>
        </individualName>
        <address
      scope="document">
          <deliveryPoint>Institute for Computational Earth System Science</deliveryPoint>
          <deliveryPoint>University of California</deliveryPoint>
          <city>Santa Barbara</city>
          <administrativeArea>California</administrativeArea>
          <postalCode>93106-3060</postalCode>
          <country>United States</country>
        </address>
        <electronicMailAddress>davey@icess.ucsb.edu</electronicMailAddress>
        <role>Co-principal Investigator</role>
      </personnel>
      <abstract>
        <section>
          <para>The Santa Barbara Coastal LTER (SBC LTER) is an interdisciplinary research and education program
established in April 2000 with the goal of developing a predictive understanding of how environmental
drivers interact with terrestrial and oceanic processes to alter material flows and influence the ecology of
coastal ecosystems. SBC LTER's principal study domain is the semi-arid coast and nearshore waters of
the Santa Barbara Channel in southern California, and its diverse and productive marine forests of giant
kelp (<emphasis>Macrocystis pyrifera</emphasis>) serve as the focal study ecosystem. Analyses of our long-term data have
identified many of the environmental drivers and ecological processes underlying the production and
community dynamics of kelp forests. The research proposed to address this question is integrated in a conceptual framework
that focuses on the causes and ecological consequences of the dynamics of a relatively short-lived
foundation species in a setting of long-term climate change and human use.</para>
        </section>
      </abstract>
      <funding>
        <para>SBC LTER is supported by the National Science Foundation.</para>
      </funding>
      <award>
        <funderName>National Science Foundation</funderName>
        <funderIdentifier>https://dx.doi.org/10.13039/100000001</funderIdentifier>
        <awardNumber>1831937</awardNumber>
        <title>LTER: Environmental drivers and ecological consequences of kelp forest dynamics (SBV IV)</title>
        <awardUrl>https://www.nsf.gov/awardsearch/showAward?AWD_ID=1831937</awardUrl>
      </award>
      <award>
        <funderName>National Science Foundation</funderName>
        <funderIdentifier>https://dx.doi.org/10.13039/100000001</funderIdentifier>
        <awardNumber>1232779</awardNumber>
        <title>LTER: Land/Ocean Interactions and the Dynamics of Kelp Forest Ecosystems (SBC III)</title>
        <awardUrl>https://www.nsf.gov/awardsearch/showAward?AWD_ID=1232779</awardUrl>
      </award>
      <award>
        <funderName>National Science Foundation</funderName>
        <funderIdentifier>https://dx.doi.org/10.13039/100000001</funderIdentifier>
        <awardNumber>0620276</awardNumber>
        <title>LTER: Land/Ocean Interactions and the Dynamics of Kelp Forest Communities</title>
        <awardUrl>https://www.nsf.gov/awardsearch/showAward?AWD_ID=0620276</awardUrl>
      </award>
      <award>
        <funderName>National Science Foundation</funderName>
        <funderIdentifier>https://dx.doi.org/10.13039/100000001</funderIdentifier>
        <awardNumber>9982105</awardNumber>
        <title>LTER: Land/Ocean Interactions and the Dynamics of Kelp Forest Ecosystems</title>
        <awardUrl>https://www.nsf.gov/awardsearch/showAward?AWD_ID=9982105</awardUrl>
      </award>
    </project>
    <dataTable
      id="020f9b0e507561cb49fc8fd122da0a29" scope="document"
          system="https://pasta.edirepository.org">
      <entityName>SBC LTER LTE time series of biomass for kelp forest species</entityName>
      <entityDescription>The biomass of kelp forest species in fixed plots along permanent transects in kelp removal experiment</entityDescription>
      <physical>
        <objectName>LTE_All_Species_Biomass_at_transect_20230530.csv</objectName>
        <size
          unit="byte">49542403</size>
        <authentication
              method="MD5">065525e24c694de0869ecbf7cebe6c94</authentication>
        <dataFormat>
          <textFormat>
            <numHeaderLines>1</numHeaderLines>
            <recordDelimiter>\r\n</recordDelimiter>
            <attributeOrientation>column</attributeOrientation>
            <simpleDelimited>
              <fieldDelimiter>,</fieldDelimiter>
              <collapseDelimiters>no</collapseDelimiters>
              <quoteCharacter>"</quoteCharacter>
            </simpleDelimited>
          </textFormat>
        </dataFormat>
        <distribution>
          <online>
            <url
          function="download">https://pasta.lternet.edu/package/data/eml/knb-lter-sbc/119/10/020f9b0e507561cb49fc8fd122da0a29</url>
          </online>
        </distribution>
      </physical>
      <attributeList>
        <attribute>
          <attributeName>YEAR</attributeName>
          <attributeLabel>Year</attributeLabel>
          <attributeDefinition>Calendar year</attributeDefinition>
          <storageType>integer</storageType>
          <measurementScale>
            <dateTime>
              <formatString>YYYY</formatString>
              <dateTimePrecision>1</dateTimePrecision>
              <dateTimeDomain/>
            </dateTime>
          </measurementScale>
        </attribute>
        <attribute>
          <attributeName>MONTH</attributeName>
          <attributeLabel>Month</attributeLabel>
          <attributeDefinition>calendar month</attributeDefinition>
          <storageType>string</storageType>
          <measurementScale>
            <nominal>
              <nonNumericDomain>
                <textDomain>
                  <definition>any text</definition>
                </textDomain>
              </nonNumericDomain>
            </nominal>
          </measurementScale>
        </attribute>
        <attribute>
          <attributeName>DATE</attributeName>
          <attributeLabel>Date</attributeLabel>
          <attributeDefinition>Date of data collection</attributeDefinition>
          <storageType>string</storageType>
          <measurementScale>
            <dateTime>
              <formatString>YYYY-MM-DD</formatString>
              <dateTimePrecision>1</dateTimePrecision>
              <dateTimeDomain/>
            </dateTime>
          </measurementScale>
        </attribute>
        <attribute>
          <attributeName>SITE</attributeName>
          <attributeLabel>Site Name</attributeLabel>
          <attributeDefinition>Physical location of field site</attributeDefinition>
          <storageType>string</storageType>
          <measurementScale>
            <nominal>
              <nonNumericDomain>
                <enumeratedDomain>
                  <codeDefinition>
                    <code>AQUE</code>
                    <definition>Arroyo Quemado</definition>
                  </codeDefinition>
                  <codeDefinition>
                    <code>CARP</code>
                    <definition>Carpinteria</definition>
                  </codeDefinition>
                  <codeDefinition>
                    <code>MOHK</code>
                    <definition>Mohawk</definition>
                  </codeDefinition>
                  <codeDefinition>
                    <code>NAPL</code>
                    <definition>Naples</definition>
                  </codeDefinition>
                </enumeratedDomain>
              </nonNumericDomain>
            </nominal>
          </measurementScale>
        </attribute>
        <attribute>
          <attributeName>TRANSECT</attributeName>
          <attributeLabel>Transect Name</attributeLabel>
          <attributeDefinition>40m transects defined by six permanent markers (stainless steel eyebolts or rebar stakes) at 0, 8, 16, 24, 32, and 40m</attributeDefinition>
          <storageType>string</storageType>
          <measurementScale>
            <nominal>
              <nonNumericDomain>
                <textDomain>
                  <definition>any text</definition>
                </textDomain>
              </nonNumericDomain>
            </nominal>
          </measurementScale>
        </attribute>
        <attribute>
          <attributeName>VIS</attributeName>
          <attributeLabel>Visibilty</attributeLabel>
          <attributeDefinition>Approximate horizontal visibility at the beginning of the tansect</attributeDefinition>
          <storageType>float</storageType>
          <measurementScale>
            <ratio>
              <unit>
                <standardUnit>meter</standardUnit>
              </unit>
              <precision>0.1</precision>
              <numericDomain>
                <numberType>real</numberType>
              </numericDomain>
            </ratio>
          </measurementScale>
          <missingValueCode>
            <code>-99999</code>
            <codeExplanation>value not recorded or not available</codeExplanation>
          </missingValueCode>
        </attribute>
        <attribute>
          <attributeName>TREATMENT</attributeName>
          <attributeLabel>Treatment</attributeLabel>
          <attributeDefinition>Describes the manipulation assigned to each transect</attributeDefinition>
          <storageType>string</storageType>
          <measurementScale>
            <nominal>
              <nonNumericDomain>
                <enumeratedDomain>
                  <codeDefinition>
                    <code>ANNUAL REMOVAL</code>
                    <definition>Giant kelp is removed in Feb of every year</definition>
                  </codeDefinition>
                  <codeDefinition>
                    <code>CONTINUOUS REMOVAL</code>
                    <definition>Giant kelp is removed seasonally</definition>
                  </codeDefinition>
                  <codeDefinition>
                    <code>CONTROL</code>
                    <definition>Giant kelp is left intact.</definition>
                  </codeDefinition>
                </enumeratedDomain>
              </nonNumericDomain>
            </nominal>
          </measurementScale>
        </attribute>
        <attribute>
          <attributeName>SP_CODE</attributeName>
          <attributeLabel>Species Code</attributeLabel>
          <attributeDefinition>Two to six letter species code assigned to a species, species subset (e.g., a size, age group, or structural feature like holdfast) or a taxonomic group (e.g., compound tunicates)</attributeDefinition>
          <storageType>string</storageType>
          <measurementScale>
            <nominal>
              <nonNumericDomain>
                <textDomain>
                  <definition>any text</definition>
                </textDomain>
              </nonNumericDomain>
            </nominal>
          </measurementScale>
        </attribute>
        <attribute
              id="PERCENT_COVER">
          <attributeName>PERCENT_COVER</attributeName>
          <attributeLabel>Percent cover</attributeLabel>
          <attributeDefinition>Percent cover estimate from the UPC survey</attributeDefinition>
          <storageType>float</storageType>
          <measurementScale>
            <ratio>
              <unit>
                <standardUnit>dimensionless</standardUnit>
              </unit>
              <precision>1e-08</precision>
              <numericDomain>
                <numberType>real</numberType>
              </numericDomain>
            </ratio>
          </measurementScale>
          <missingValueCode>
            <code>-99999</code>
            <codeExplanation>value not recorded or not available</codeExplanation>
          </missingValueCode>
          <annotation>
            <propertyURI
              label="contains measurements of type">http://ecoinformatics.org/oboe/oboe.1.2/oboe-core.owl#containsMeasurementsOfType</propertyURI>
            <valueURI
          label="Area Percentage">http://purl.dataone.org/odo/ECSO_00001195</valueURI>
          </annotation>
        </attribute>
        <attribute>
          <attributeName>DENSITY</attributeName>
          <attributeLabel>Density</attributeLabel>
          <attributeDefinition>Density estimated from the count survey</attributeDefinition>
          <storageType>float</storageType>
          <measurementScale>
            <ratio>
              <unit>
                <standardUnit>dimensionless</standardUnit>
              </unit>
              <precision>1e-10</precision>
              <numericDomain>
                <numberType>real</numberType>
              </numericDomain>
            </ratio>
          </measurementScale>
          <missingValueCode>
            <code>-99999</code>
            <codeExplanation>value not recorded or not available</codeExplanation>
          </missingValueCode>
        </attribute>
        <attribute
              id="wm_gm2">
          <attributeName>WM_GM2</attributeName>
          <attributeLabel>Wet Mass</attributeLabel>
          <attributeDefinition>Dry mass density derived from estimates of density or percent cover and laboratory estimates of taxa dry mass</attributeDefinition>
          <storageType>float</storageType>
          <measurementScale>
            <ratio>
              <unit>
                <standardUnit>gramPerMeterSquared</standardUnit>
              </unit>
              <precision>1e-08</precision>
              <numericDomain>
                <numberType>real</numberType>
              </numericDomain>
            </ratio>
          </measurementScale>
          <missingValueCode>
            <code>-99999</code>
            <codeExplanation>value not recorded or not available</codeExplanation>
          </missingValueCode>
          <annotation>
            <propertyURI
              label="contains measurements of type">http://ecoinformatics.org/oboe/oboe.1.2/oboe-core.owl#containsMeasurementsOfType</propertyURI>
            <valueURI
          label="biomass density">http://purl.dataone.org/odo/ECSO_00000552</valueURI>
          </annotation>
        </attribute>
        <attribute
              id="dry_gm2">
          <attributeName>DRY_GM2</attributeName>
          <attributeLabel>Dry Mass</attributeLabel>
          <attributeDefinition>Dry mass density derived from estimates of density or percent cover and laboratory estimates of taxa dry mass</attributeDefinition>
          <storageType>float</storageType>
          <measurementScale>
            <ratio>
              <unit>
                <standardUnit>gramPerMeterSquared</standardUnit>
              </unit>
              <precision>1e-08</precision>
              <numericDomain>
                <numberType>real</numberType>
              </numericDomain>
            </ratio>
          </measurementScale>
          <missingValueCode>
            <code>-99999</code>
            <codeExplanation>value not recorded or not available</codeExplanation>
          </missingValueCode>
          <annotation>
            <propertyURI
              label="contains measurements of type">http://ecoinformatics.org/oboe/oboe.1.2/oboe-core.owl#containsMeasurementsOfType</propertyURI>
            <valueURI
          label="Dry Mass Density">http://purl.dataone.org/odo/ECSO_00001184</valueURI>
          </annotation>
        </attribute>
        <attribute
              id="sfdm">
          <attributeName>SFDM</attributeName>
          <attributeLabel>Shell-Free Dry Mass</attributeLabel>
          <attributeDefinition>Shell-free dry mass. These estimates were converted to shell-free dry mass using taxon specific ratios of wet mass to shell-free dry mass described in Reed et al 2016</attributeDefinition>
          <storageType>float</storageType>
          <measurementScale>
            <ratio>
              <unit>
                <standardUnit>gramPerMeterSquared</standardUnit>
              </unit>
              <precision>1e-08</precision>
              <numericDomain>
                <numberType>real</numberType>
              </numericDomain>
            </ratio>
          </measurementScale>
          <missingValueCode>
            <code>-99999</code>
            <codeExplanation>value not recorded or not available</codeExplanation>
          </missingValueCode>
          <annotation>
            <propertyURI
              label="contains measurements of type">http://ecoinformatics.org/oboe/oboe.1.2/oboe-core.owl#containsMeasurementsOfType</propertyURI>
            <valueURI
          label="Dry Mass Density">http://purl.dataone.org/odo/ECSO_00001184</valueURI>
          </annotation>
        </attribute>
        <attribute
              id="afdm">
          <attributeName>AFDM</attributeName>
          <attributeLabel>Ash-Free Dry Mass</attributeLabel>
          <attributeDefinition>Areal ash-free dry mass. These estimates were converted to ash-free dry mass using taxon specific ratios of wet mass to ash-free dry mass described in Reed et al 2016</attributeDefinition>
          <storageType>float</storageType>
          <measurementScale>
            <ratio>
              <unit>
                <standardUnit>gramPerMeterSquared</standardUnit>
              </unit>
              <precision>1e-08</precision>
              <numericDomain>
                <numberType>real</numberType>
              </numericDomain>
            </ratio>
          </measurementScale>
          <missingValueCode>
            <code>-99999</code>
            <codeExplanation>value not recorded or not available</codeExplanation>
          </missingValueCode>
          <annotation>
            <propertyURI
              label="contains measurements of type">http://ecoinformatics.org/oboe/oboe.1.2/oboe-core.owl#containsMeasurementsOfType</propertyURI>
            <valueURI
          label="Dry Mass Density">http://purl.dataone.org/odo/ECSO_00001184</valueURI>
          </annotation>
        </attribute>
        <attribute>
          <attributeName>SCIENTIFIC_NAME</attributeName>
          <attributeLabel>Scientific name</attributeLabel>
          <attributeDefinition>Taxonomic scientific name</attributeDefinition>
          <storageType>string</storageType>
          <measurementScale>
            <nominal>
              <nonNumericDomain>
                <textDomain>
                  <definition>text</definition>
                </textDomain>
              </nonNumericDomain>
            </nominal>
          </measurementScale>
          <missingValueCode>
            <code>-99999</code>
            <codeExplanation>value not recorded or not available</codeExplanation>
          </missingValueCode>
        </attribute>
        <attribute>
          <attributeName>COMMON_NAME</attributeName>
          <attributeLabel>Common Name</attributeLabel>
          <attributeDefinition>common name of the organism</attributeDefinition>
          <storageType>string</storageType>
          <measurementScale>
            <nominal>
              <nonNumericDomain>
                <textDomain>
                  <definition>any text</definition>
                </textDomain>
              </nonNumericDomain>
            </nominal>
          </measurementScale>
        </attribute>
        <attribute>
          <attributeName>TAXON_KINGDOM</attributeName>
          <attributeLabel>Kindom</attributeLabel>
          <attributeDefinition>Taxonomic kingdom</attributeDefinition>
          <storageType>string</storageType>
          <measurementScale>
            <nominal>
              <nonNumericDomain>
                <textDomain>
                  <definition>any text</definition>
                </textDomain>
              </nonNumericDomain>
            </nominal>
          </measurementScale>
        </attribute>
        <attribute>
          <attributeName>TAXON_CLASS</attributeName>
          <attributeLabel>Class</attributeLabel>
          <attributeDefinition>Taxonominc class</attributeDefinition>
          <storageType>string</storageType>
          <measurementScale>
            <nominal>
              <nonNumericDomain>
                <textDomain>
                  <definition>any text</definition>
                </textDomain>
              </nonNumericDomain>
            </nominal>
          </measurementScale>
        </attribute>
        <attribute>
          <attributeName>TAXON_PHYLUM</attributeName>
          <attributeLabel>Phylum</attributeLabel>
          <attributeDefinition>Taxonomic phylum</attributeDefinition>
          <storageType>string</storageType>
          <measurementScale>
            <nominal>
              <nonNumericDomain>
                <textDomain>
                  <definition>any text</definition>
                </textDomain>
              </nonNumericDomain>
            </nominal>
          </measurementScale>
        </attribute>
        <attribute>
          <attributeName>TAXON_ORDER</attributeName>
          <attributeLabel>Order</attributeLabel>
          <attributeDefinition>Taxonomic order</attributeDefinition>
          <storageType>string</storageType>
          <measurementScale>
            <nominal>
              <nonNumericDomain>
                <textDomain>
                  <definition>any text</definition>
                </textDomain>
              </nonNumericDomain>
            </nominal>
          </measurementScale>
        </attribute>
        <attribute>
          <attributeName>TAXON_FAMILY</attributeName>
          <attributeLabel>Family</attributeLabel>
          <attributeDefinition>taxonomic family</attributeDefinition>
          <storageType>string</storageType>
          <measurementScale>
            <nominal>
              <nonNumericDomain>
                <textDomain>
                  <definition>any text</definition>
                </textDomain>
              </nonNumericDomain>
            </nominal>
          </measurementScale>
        </attribute>
        <attribute>
          <attributeName>TAXON_GENUS</attributeName>
          <attributeLabel>Genus</attributeLabel>
          <attributeDefinition>Taxonomic genus</attributeDefinition>
          <storageType>string</storageType>
          <measurementScale>
            <nominal>
              <nonNumericDomain>
                <textDomain>
                  <definition>any text</definition>
                </textDomain>
              </nonNumericDomain>
            </nominal>
          </measurementScale>
        </attribute>
        <attribute>
          <attributeName>GROUP</attributeName>
          <attributeLabel>Organism Group</attributeLabel>
          <attributeDefinition>Functional grouping term for observed species.</attributeDefinition>
          <storageType>string</storageType>
          <measurementScale>
            <nominal>
              <nonNumericDomain>
                <enumeratedDomain>
                  <codeDefinition>
                    <code>ALGAE</code>
                    <definition>Functional Group is algae.</definition>
                  </codeDefinition>
                  <codeDefinition>
                    <code>FISH</code>
                    <definition>Functional Group is fish.</definition>
                  </codeDefinition>
                  <codeDefinition>
                    <code>INVERT</code>
                    <definition>Functional Group is invert.</definition>
                  </codeDefinition>
                </enumeratedDomain>
              </nonNumericDomain>
            </nominal>
          </measurementScale>
        </attribute>
        <attribute>
          <attributeName>MOBILITY</attributeName>
          <attributeLabel>Mobility</attributeLabel>
          <attributeDefinition>Either Sessile or Mobile depending on the animals locomotive schemea.</attributeDefinition>
          <storageType>string</storageType>
          <measurementScale>
            <nominal>
              <nonNumericDomain>
                <enumeratedDomain>
                  <codeDefinition>
                    <code>MOBILE</code>
                    <definition>Organism is mobile.</definition>
                  </codeDefinition>
                  <codeDefinition>
                    <code>SESSILE</code>
                    <definition>Organism is sessile.</definition>
                  </codeDefinition>
                </enumeratedDomain>
              </nonNumericDomain>
            </nominal>
          </measurementScale>
        </attribute>
        <attribute>
          <attributeName>GROWTH_MORPH</attributeName>
          <attributeLabel>Growth Morphology</attributeLabel>
          <attributeDefinition>Whether or not the organism in question is an aggregate or solitary individual.</attributeDefinition>
          <storageType>string</storageType>
          <measurementScale>
            <nominal>
              <nonNumericDomain>
                <enumeratedDomain>
                  <codeDefinition>
                    <code>AGGREGATED</code>
                    <definition>Growth morphology is aggregated.</definition>
                  </codeDefinition>
                  <codeDefinition>
                    <code>SOLITARY</code>
                    <definition>Growth morphology is solitary.</definition>
                  </codeDefinition>
                </enumeratedDomain>
              </nonNumericDomain>
            </nominal>
          </measurementScale>
        </attribute>
      </attributeList>
      <numberOfRecords>218632</numberOfRecords>
    </dataTable>
  </dataset>
  <additionalMetadata>
    <metadata>
      <unitList>
        <unit
          id="dimensionless" name="dimensionless"
          unitType="dimensionless">
          <description>a designation asserting the absence of an associated unit</description>
        </unit>
        <unit
          abbreviation="g/m2" constantToSI="0" id="gramPerMeterSquared"
          multiplierToSI="0.001" name="gramPerMeterSquared"
          parentSI="kilogramsPerSquareMeter"
          unitType="arealMassDensity">
          <description>grams per square meter</description>
        </unit>
        <unit
          abbreviation="m" id="meter" multiplierToSI="1" name="meter" unitType="length">
          <description>SI unit of length</description>
        </unit>
      </unitList>
    </metadata>
  </additionalMetadata>
</eml:eml>
